{
	"format_version": "1.8.0",
	"animations": {
		"dance": {
			"animation_length": 1.75,
			"bones": {
				"Head": {
					"rotation": {
						"0.0": [0, 0, 0],
						"0.25": [-20, 0, 0],
						"0.75": [15, 0, 0],
						"1.0": [17.19212, 28.87909, 8.49878],
						"1.25": [17.19212, -28.87909, -8.49878],
						"1.5": [-1.1229, -0.8771, 0.95673]
					}
				},
				"Right Arm": {
					"rotation": {
						"0.0": [0, 0, 0],
						"0.25": [62.5, 0, 0],
						"0.5": [-72.16239, 9.05478, 4.26175],
						"0.75": [-72.16239, 9.05478, 4.26175],
						"1.0": [67.5, 17.5, 0],
						"1.25": [0, 17.5, 0],
						"1.75": {
							"pre": [10.5867, -13.47903, 141.28363],
							"post": [10.5867, -13.47903, 141.28363],
							"lerp_mode": "catmullrom"
						}
					}
				},
				"Left Arm": {
					"rotation": {
						"0.0": [0, 0, 0],
						"0.25": [-70, -5, 0],
						"0.5": [57.5, -5, 0],
						"0.75": [-70, 0, 0],
						"1.0": [67.5, 0, 0],
						"1.25": [2.5, 0, 0],
						"1.75": [0, 0, -127.5]
					}
				},
				"Right Leg": {
					"rotation": {
						"0.0": [0, 0, 0],
						"0.25": [1.25, 0, 0],
						"0.5": [17.5, 0, 0],
						"0.75": [-55, 0, 0],
						"1.25": [2.16997, -4.15222, -2.85568]
					}
				},
				"Left Leg": {
					"rotation": {
						"0.0": [0.037, -0.00884, -0.42259],
						"0.25": [25, 0, 0],
						"0.5": [0, 0, 0],
						"0.75": [-55, 0, 0],
						"1.0": [47.5, 0, 0],
						"1.25": [2.5, 0, 0]
					}
				}
			}
		}
	}
}